28/03/2025 09:00,Leeds,Armando Farris,"Large Filter coffee - 1.80, Regular Chai latte - 2.30, Regular Hot Chocolate - 1.40, Large Speciality Tea - English breakfast - 1.60, Large Chai latte - 2.60",9.7,CARD,8326919589358122
28/03/2025 09:01,Leeds,Jessica Graves,"Large Chai latte - 2.60, Large Chai latte - 2.60, Large Chai latte - 2.60",7.8,CARD,5694979190727758
28/03/2025 09:03,Leeds,Wayne Bonavia,"Regular Iced americano - 2.15, Regular Chai latte - 2.30, Regular Iced americano - 2.15, Large Iced americano - 2.50",9.1,CARD,6121838595172839
28/03/2025 09:04,Leeds,Michael Davis,Regular Speciality Tea - English breakfast - 1.30,1.3,CARD,4175969286313676
28/03/2025 09:06,Leeds,Mary Reinschmidt,"Regular Hot Chocolate - 1.40, Regular Chai latte - 2.30, Large Speciality Tea - English breakfast - 1.60",5.3,CARD,8016706696622572
28/03/2025 09:08,Leeds,Cayla Garrett,"Regular Iced americano - 2.15, Regular Chai latte - 2.30",4.45,CARD,6024088580656134
28/03/2025 09:09,Leeds,Christine Myers,Large Chai latte - 2.60,2.6,CASH,
28/03/2025 09:11,Leeds,Anthony Nevins,"Large Filter coffee - 1.80, Large Hot Chocolate - 1.70, Large Filter coffee - 1.80, Large Iced americano - 2.50",7.8,CARD,1758786266840485
28/03/2025 09:12,Leeds,Kathryn Holmes,"Regular Hot Chocolate - 1.40, Regular Hot Chocolate - 1.40, Regular Hot Chocolate - 1.40, Large Filter coffee - 1.80",6.0,CASH,
28/03/2025 09:14,Leeds,Irene Benson,"Large Hot Chocolate - 1.70, Large Speciality Tea - English breakfast - 1.60, Regular Speciality Tea - English breakfast - 1.30, Regular Chai latte - 2.30",6.9,CARD,1253480799805096
28/03/2025 09:16,Leeds,Ronald Childress,"Large Speciality Tea - English breakfast - 1.60, Large Hot Chocolate - 1.70, Regular Filter coffee - 1.50, Large Speciality Tea - English breakfast - 1.60",6.4,CARD,3295707750213341
28/03/2025 09:17,Leeds,Carol Eldridge,"Regular Filter coffee - 1.50, Regular Filter coffee - 1.50, Regular Speciality Tea - English breakfast - 1.30, Regular Speciality Tea - English breakfast - 1.30, Large Filter coffee - 1.80",7.4,CARD,8038309477683770
28/03/2025 09:19,Leeds,Armando Medina,"Large Speciality Tea - English breakfast - 1.60, Regular Speciality Tea - English breakfast - 1.30, Regular Chai latte - 2.30, Large Speciality Tea - English breakfast - 1.60, Large Speciality Tea - English breakfast - 1.60",8.4,CARD,9327322174995810
28/03/2025 09:21,Leeds,Julia Shock,"Large Iced americano - 2.50, Large Hot Chocolate - 1.70, Regular Filter coffee - 1.50",5.7,CARD,9732135712980107
28/03/2025 09:22,Leeds,Wilfred Atkins,Regular Speciality Tea - English breakfast - 1.30,1.3,CASH,
28/03/2025 09:24,Leeds,Duane Gheen,"Regular Filter coffee - 1.50, Large Filter coffee - 1.80, Large Chai latte - 2.60, Regular Filter coffee - 1.50",7.4,CARD,7514523924692076
28/03/2025 09:25,Leeds,Mary Bushey,"Regular Filter coffee - 1.50, Large Speciality Tea - English breakfast - 1.60, Large Chai latte - 2.60",5.7,CASH,
28/03/2025 09:27,Leeds,Christine Korczynski,"Regular Chai latte - 2.30, Large Filter coffee - 1.80, Large Filter coffee - 1.80, Large Hot Chocolate - 1.70, Regular Filter coffee - 1.50",9.1,CASH,
28/03/2025 09:29,Leeds,Penelope Black,"Regular Iced americano - 2.15, Regular Filter coffee - 1.50, Regular Iced americano - 2.15",5.8,CASH,
28/03/2025 09:30,Leeds,Jasmine Norman,"Regular Chai latte - 2.30, Large Chai latte - 2.60, Regular Chai latte - 2.30",7.2,CARD,7342940744619420
28/03/2025 09:32,Leeds,Allison Henry,Regular Hot Chocolate - 1.40,1.4,CARD,4203428048965808
28/03/2025 09:33,Leeds,Gilbert Larkin,"Regular Chai latte - 2.30, Regular Iced americano - 2.15, Large Chai latte - 2.60",7.05,CARD,9545158170696792
28/03/2025 09:35,Leeds,Raymond Gilliam,"Regular Filter coffee - 1.50, Regular Chai latte - 2.30, Regular Chai latte - 2.30, Regular Chai latte - 2.30",8.4,CARD,9405905913759856
28/03/2025 09:37,Leeds,Kathy Chacon,"Large Filter coffee - 1.80, Large Iced americano - 2.50, Large Hot Chocolate - 1.70, Large Speciality Tea - English breakfast - 1.60, Regular Filter coffee - 1.50, Large Speciality Tea - English breakfast - 1.60",10.7,CASH,
28/03/2025 09:38,Leeds,Leon Underwood,Regular Filter coffee - 1.50,1.5,CARD,8486426387564686
28/03/2025 09:40,Leeds,Richard Taylor,"Regular Filter coffee - 1.50, Regular Chai latte - 2.30",3.8,CARD,1819264400545861
28/03/2025 09:42,Leeds,Etta Muir,"Regular Speciality Tea - English breakfast - 1.30, Regular Hot Chocolate - 1.40, Regular Iced americano - 2.15, Regular Chai latte - 2.30, Regular Chai latte - 2.30",9.45,CASH,
28/03/2025 09:43,Leeds,Steven Adame,"Large Filter coffee - 1.80, Regular Chai latte - 2.30",4.1,CASH,
28/03/2025 09:45,Leeds,Juan Kean,"Large Speciality Tea - English breakfast - 1.60, Regular Hot Chocolate - 1.40, Large Iced americano - 2.50",5.5,CARD,7048986381390528
28/03/2025 09:46,Leeds,Carlos Weber,"Large Iced americano - 2.50, Large Filter coffee - 1.80, Regular Filter coffee - 1.50, Large Iced americano - 2.50, Regular Iced americano - 2.15, Large Chai latte - 2.60",13.05,CARD,3570797546357189
28/03/2025 09:48,Leeds,Holly Balde,"Large Filter coffee - 1.80, Regular Filter coffee - 1.50, Regular Hot Chocolate - 1.40, Regular Iced americano - 2.15, Large Hot Chocolate - 1.70",8.55,CARD,5665522642506224
28/03/2025 09:50,Leeds,Gwendolyn Woodlock,"Regular Speciality Tea - English breakfast - 1.30, Large Chai latte - 2.60",3.9,CARD,2151869704079626
28/03/2025 09:51,Leeds,Sheila Fredericks,"Regular Chai latte - 2.30, Large Speciality Tea - English breakfast - 1.60",3.9,CARD,8205318993842606
28/03/2025 09:53,Leeds,William Harper,"Regular Chai latte - 2.30, Regular Filter coffee - 1.50, Regular Filter coffee - 1.50",5.3,CARD,3103158221946739
28/03/2025 09:54,Leeds,Christopher Licudine,"Large Iced americano - 2.50, Regular Filter coffee - 1.50, Regular Filter coffee - 1.50",5.5,CARD,9929748158427996
28/03/2025 09:56,Leeds,Steven Jackson,"Large Chai latte - 2.60, Large Chai latte - 2.60, Large Hot Chocolate - 1.70, Regular Iced americano - 2.15",9.05,CASH,
28/03/2025 09:58,Leeds,Malka Craig,"Regular Filter coffee - 1.50, Large Filter coffee - 1.80, Large Filter coffee - 1.80, Large Chai latte - 2.60",7.7,CARD,4711452098526615
28/03/2025 09:59,Leeds,James Martinez,"Regular Iced americano - 2.15, Regular Chai latte - 2.30, Large Filter coffee - 1.80, Large Filter coffee - 1.80",8.05,CARD,1961208947047570
28/03/2025 10:01,Leeds,Amy Robel,Regular Iced americano - 2.15,2.15,CASH,
28/03/2025 10:02,Leeds,Brian Lingerfelt,Large Iced americano - 2.50,2.5,CASH,
28/03/2025 10:03,Leeds,Carmen Barbieri,Large Speciality Tea - English breakfast - 1.60,1.6,CARD,3120351916930703
28/03/2025 10:04,Leeds,Gregory Cesar,"Regular Chai latte - 2.30, Large Filter coffee - 1.80",4.1,CARD,1488936968741870
28/03/2025 10:05,Leeds,Joe Villarreal,"Large Hot Chocolate - 1.70, Large Filter coffee - 1.80, Regular Speciality Tea - English breakfast - 1.30",4.8,CARD,5165964040798038
28/03/2025 10:06,Leeds,Tommy Wendelin,Regular Chai latte - 2.30,2.3,CARD,2938912005827322
28/03/2025 10:07,Leeds,Jacques Parker,"Large Hot Chocolate - 1.70, Large Iced americano - 2.50, Regular Hot Chocolate - 1.40",5.6,CARD,1012003412024999
28/03/2025 10:08,Leeds,Jo Hodges,"Regular Filter coffee - 1.50, Regular Speciality Tea - English breakfast - 1.30",2.8,CARD,7697906830429483
28/03/2025 10:09,Leeds,Antoinette Foster,Regular Chai latte - 2.30,2.3,CARD,4773940476052929
28/03/2025 10:11,Leeds,Latasha Taylor,"Large Hot Chocolate - 1.70, Large Filter coffee - 1.80, Regular Chai latte - 2.30",5.8,CASH,
28/03/2025 10:12,Leeds,Eleanor Schauman,"Large Iced americano - 2.50, Regular Iced americano - 2.15, Large Hot Chocolate - 1.70",6.35,CASH,
28/03/2025 10:13,Leeds,Geneva Lopez,"Large Hot Chocolate - 1.70, Regular Chai latte - 2.30, Large Filter coffee - 1.80",5.8,CARD,1468533292295836
28/03/2025 10:14,Leeds,David Rogillio,"Large Iced americano - 2.50, Large Iced americano - 2.50, Large Hot Chocolate - 1.70",6.7,CASH,
28/03/2025 10:15,Leeds,Terrence Pera,Large Chai latte - 2.60,2.6,CARD,7726636554144554
28/03/2025 10:16,Leeds,Roy Marcos,"Large Hot Chocolate - 1.70, Large Filter coffee - 1.80, Large Filter coffee - 1.80",5.3,CASH,
28/03/2025 10:17,Leeds,Lawrence Ortmann,"Large Filter coffee - 1.80, Regular Chai latte - 2.30, Regular Hot Chocolate - 1.40, Large Iced americano - 2.50",8.0,CASH,
28/03/2025 10:18,Leeds,Antonio Lardizabal,"Regular Chai latte - 2.30, Regular Filter coffee - 1.50, Large Hot Chocolate - 1.70, Large Iced americano - 2.50",8.0,CARD,3577176535948848
28/03/2025 10:19,Leeds,Erwin Stocks,Large Iced americano - 2.50,2.5,CARD,3169148564178387
28/03/2025 10:20,Leeds,Michael Mcadoo,"Regular Filter coffee - 1.50, Regular Hot Chocolate - 1.40, Large Iced americano - 2.50, Regular Speciality Tea - English breakfast - 1.30",6.7,CARD,3787697661962788
28/03/2025 10:21,Leeds,Juanita Berry,"Large Filter coffee - 1.80, Large Filter coffee - 1.80",3.6,CASH,
28/03/2025 10:22,Leeds,Patricia Salyards,"Large Chai latte - 2.60, Regular Iced americano - 2.15, Large Chai latte - 2.60, Regular Chai latte - 2.30, Large Speciality Tea - English breakfast - 1.60",11.25,CASH,
28/03/2025 10:23,Leeds,Albert Brunet,"Large Hot Chocolate - 1.70, Large Speciality Tea - English breakfast - 1.60, Regular Chai latte - 2.30, Large Iced americano - 2.50, Regular Chai latte - 2.30",10.4,CARD,1083408973661959
28/03/2025 10:24,Leeds,Richard Medeiros,"Large Chai latte - 2.60, Large Chai latte - 2.60",5.2,CASH,
28/03/2025 10:25,Leeds,Christopher Troendle,Large Hot Chocolate - 1.70,1.7,CARD,8086563886121626
28/03/2025 10:27,Leeds,Mary Martinez,"Regular Filter coffee - 1.50, Regular Hot Chocolate - 1.40, Regular Chai latte - 2.30, Regular Filter coffee - 1.50, Regular Speciality Tea - English breakfast - 1.30, Large Iced americano - 2.50",10.5,CARD,1415063592004270
28/03/2025 10:28,Leeds,Allison Yost,Large Chai latte - 2.60,2.6,CARD,2549455961051790
28/03/2025 10:29,Leeds,Michael Cote,"Regular Iced americano - 2.15, Large Iced americano - 2.50, Regular Iced americano - 2.15, Regular Filter coffee - 1.50, Regular Hot Chocolate - 1.40, Large Hot Chocolate - 1.70",11.4,CASH,
28/03/2025 10:30,Leeds,Marion Whitten,"Regular Chai latte - 2.30, Regular Iced americano - 2.15",4.45,CARD,6667272360116374
28/03/2025 10:31,Leeds,Jeffrey Scott,"Regular Iced americano - 2.15, Large Filter coffee - 1.80, Large Hot Chocolate - 1.70",5.65,CARD,6095923319289892
28/03/2025 10:32,Leeds,Carol Garcia,"Large Filter coffee - 1.80, Large Chai latte - 2.60, Regular Chai latte - 2.30",6.7,CASH,
28/03/2025 10:33,Leeds,Jennifer Dawson,Regular Filter coffee - 1.50,1.5,CARD,5269016783252287
28/03/2025 10:34,Leeds,Robert Lang,Regular Chai latte - 2.30,2.3,CARD,3164076679110318
28/03/2025 10:35,Leeds,Selma Ness,Regular Chai latte - 2.30,2.3,CASH,
28/03/2025 10:36,Leeds,Mary Bolden,"Large Iced americano - 2.50, Regular Speciality Tea - English breakfast - 1.30, Regular Filter coffee - 1.50",5.3,CARD,1921211375761701
28/03/2025 10:37,Leeds,Bertha Veach,"Large Filter coffee - 1.80, Regular Hot Chocolate - 1.40, Large Speciality Tea - English breakfast - 1.60",4.8,CASH,
28/03/2025 10:38,Leeds,Fernando Rupert,"Regular Filter coffee - 1.50, Regular Filter coffee - 1.50, Regular Chai latte - 2.30, Regular Speciality Tea - English breakfast - 1.30",6.6,CARD,9261524731484917
28/03/2025 10:39,Leeds,Angela Bailey,"Regular Chai latte - 2.30, Regular Filter coffee - 1.50, Large Iced americano - 2.50, Regular Filter coffee - 1.50, Regular Filter coffee - 1.50, Regular Filter coffee - 1.50",10.8,CARD,7685010899594108
28/03/2025 10:40,Leeds,Joseph Padmore,Regular Hot Chocolate - 1.40,1.4,CASH,
28/03/2025 10:41,Leeds,Sue Ramsey,Large Chai latte - 2.60,2.6,CARD,3475434230089498
28/03/2025 10:43,Leeds,Teresa Franciscus,"Large Speciality Tea - English breakfast - 1.60, Large Filter coffee - 1.80, Regular Hot Chocolate - 1.40",4.8,CARD,7064999226624869
28/03/2025 10:44,Leeds,Timothy Fox,"Large Chai latte - 2.60, Large Iced americano - 2.50",5.1,CARD,7970711077473091
28/03/2025 10:45,Leeds,Samantha Wilson,Regular Iced americano - 2.15,2.15,CASH,
28/03/2025 10:46,Leeds,Joseph Fowlkes,"Regular Iced americano - 2.15, Regular Filter coffee - 1.50",3.65,CASH,
28/03/2025 10:47,Leeds,Floyd Byrd,"Regular Speciality Tea - English breakfast - 1.30, Regular Hot Chocolate - 1.40, Large Chai latte - 2.60",5.3,CARD,6254872132507658
28/03/2025 10:48,Leeds,Rosie Bowman,"Regular Iced americano - 2.15, Large Filter coffee - 1.80",3.95,CARD,8485034207794841
28/03/2025 10:49,Leeds,David Veal,"Regular Chai latte - 2.30, Large Filter coffee - 1.80",4.1,CARD,9439489077176242
28/03/2025 10:50,Leeds,Rebecca Nelson,"Large Chai latte - 2.60, Regular Chai latte - 2.30, Large Filter coffee - 1.80, Large Iced americano - 2.50",9.2,CARD,2641307309168400
28/03/2025 10:51,Leeds,Tyler Street,Regular Hot Chocolate - 1.40,1.4,CASH,
28/03/2025 10:52,Leeds,Charles Yazzie,"Large Hot Chocolate - 1.70, Regular Chai latte - 2.30, Regular Speciality Tea - English breakfast - 1.30, Regular Speciality Tea - English breakfast - 1.30",6.6,CARD,1364655793155491
28/03/2025 10:53,Leeds,Frankie Dawkins,"Large Iced americano - 2.50, Large Speciality Tea - English breakfast - 1.60",4.1,CASH,
28/03/2025 10:54,Leeds,Nancy Milliren,Regular Hot Chocolate - 1.40,1.4,CARD,5907295797145889
28/03/2025 10:55,Leeds,James Reynolds,"Large Chai latte - 2.60, Large Iced americano - 2.50, Regular Filter coffee - 1.50, Large Iced americano - 2.50",9.1,CARD,7095872534698820
28/03/2025 10:56,Leeds,Mark Barnett,Large Chai latte - 2.60,2.6,CASH,
28/03/2025 10:57,Leeds,Blanche Miller,Large Iced americano - 2.50,2.5,CASH,
28/03/2025 10:59,Leeds,Ferne Dziuk,"Large Filter coffee - 1.80, Regular Speciality Tea - English breakfast - 1.30",3.1,CASH,
28/03/2025 11:00,Leeds,Ruth Mckenzie,Regular Iced americano - 2.15,2.15,CARD,4466275304718249
28/03/2025 11:04,Leeds,Betty Dean,"Large Chai latte - 2.60, Large Speciality Tea - English breakfast - 1.60, Regular Chai latte - 2.30",6.5,CARD,7697374506960693
28/03/2025 11:08,Leeds,Grace Sanders,"Large Iced americano - 2.50, Regular Chai latte - 2.30",4.8,CASH,
28/03/2025 11:12,Leeds,Frank Sutherland,"Regular Chai latte - 2.30, Large Chai latte - 2.60, Regular Hot Chocolate - 1.40, Large Iced americano - 2.50",8.8,CARD,6372274509045250
28/03/2025 11:16,Leeds,Vincent Holifeild,"Regular Speciality Tea - English breakfast - 1.30, Large Speciality Tea - English breakfast - 1.60, Regular Speciality Tea - English breakfast - 1.30, Large Iced americano - 2.50",6.7,CARD,7907117133337621
28/03/2025 11:20,Leeds,Edna Holton,"Large Hot Chocolate - 1.70, Large Hot Chocolate - 1.70",3.4,CARD,5747605807403941
28/03/2025 11:24,Leeds,John Howarth,"Regular Hot Chocolate - 1.40, Regular Hot Chocolate - 1.40, Large Chai latte - 2.60",5.4,CARD,1541247551094950
28/03/2025 11:28,Leeds,Doris Garnett,Large Filter coffee - 1.80,1.8,CARD,7486301823653377
28/03/2025 11:32,Leeds,Tony Pineda,"Regular Hot Chocolate - 1.40, Regular Chai latte - 2.30, Large Chai latte - 2.60, Large Filter coffee - 1.80",8.1,CARD,7156837339641911
28/03/2025 11:36,Leeds,Larry Solomon,"Regular Chai latte - 2.30, Regular Filter coffee - 1.50, Large Iced americano - 2.50, Regular Iced americano - 2.15",8.45,CARD,6054957424367472
28/03/2025 11:40,Leeds,Roberto Yopp,Large Speciality Tea - English breakfast - 1.60,1.6,CARD,1186439346701528
28/03/2025 11:44,Leeds,Ronald Burgos,"Large Iced americano - 2.50, Regular Iced americano - 2.15",4.65,CARD,4522891538146707
28/03/2025 11:48,Leeds,Elisabeth Duby,Large Speciality Tea - English breakfast - 1.60,1.6,CARD,8744341579395148
28/03/2025 11:52,Leeds,Kevin Robinett,"Large Filter coffee - 1.80, Regular Speciality Tea - English breakfast - 1.30, Large Speciality Tea - English breakfast - 1.60",4.7,CARD,1535420026529939
28/03/2025 11:56,Leeds,Lincoln Dubie,"Regular Chai latte - 2.30, Regular Hot Chocolate - 1.40, Large Filter coffee - 1.80",5.5,CARD,1623862373822388
28/03/2025 12:00,Leeds,Lisa Marmo,"Regular Speciality Tea - English breakfast - 1.30, Large Speciality Tea - English breakfast - 1.60",2.9,CARD,8110316845931166
28/03/2025 12:01,Leeds,George Muni,"Regular Iced americano - 2.15, Regular Iced americano - 2.15, Regular Chai latte - 2.30, Regular Chai latte - 2.30, Regular Filter coffee - 1.50",10.4,CARD,1972260703566026
28/03/2025 12:03,Leeds,Marjorie Rohrer,"Regular Speciality Tea - English breakfast - 1.30, Regular Speciality Tea - English breakfast - 1.30, Large Speciality Tea - English breakfast - 1.60",4.2,CASH,
28/03/2025 12:05,Leeds,Henry Mizell,"Large Iced americano - 2.50, Regular Chai latte - 2.30, Large Chai latte - 2.60",7.4,CARD,9808772016396567
28/03/2025 12:06,Leeds,Joyce Peterson,"Regular Filter coffee - 1.50, Large Filter coffee - 1.80, Large Speciality Tea - English breakfast - 1.60, Large Speciality Tea - English breakfast - 1.60",6.5,CARD,3231123285660867
28/03/2025 12:08,Leeds,Lawrence Weyrick,"Regular Chai latte - 2.30, Large Speciality Tea - English breakfast - 1.60",3.9,CASH,
28/03/2025 12:10,Leeds,Kenneth Barnes,"Large Filter coffee - 1.80, Large Filter coffee - 1.80",3.6,CASH,
28/03/2025 12:11,Leeds,Herbert Yancik,"Regular Filter coffee - 1.50, Regular Iced americano - 2.15, Regular Speciality Tea - English breakfast - 1.30, Regular Speciality Tea - English breakfast - 1.30",6.25,CASH,
28/03/2025 12:13,Leeds,Connie Bacich,"Regular Chai latte - 2.30, Large Hot Chocolate - 1.70, Large Hot Chocolate - 1.70, Regular Hot Chocolate - 1.40, Large Hot Chocolate - 1.70, Regular Chai latte - 2.30",11.1,CARD,2017283277582516
28/03/2025 12:15,Leeds,Henry Hodges,"Regular Chai latte - 2.30, Large Hot Chocolate - 1.70, Large Iced americano - 2.50, Large Chai latte - 2.60, Large Chai latte - 2.60",11.7,CARD,9572148959150468
28/03/2025 12:16,Leeds,Kathleen Pace,"Large Filter coffee - 1.80, Regular Hot Chocolate - 1.40",3.2,CASH,
28/03/2025 12:18,Leeds,Lorie Williams,"Large Hot Chocolate - 1.70, Large Filter coffee - 1.80, Regular Iced americano - 2.15, Regular Chai latte - 2.30, Large Filter coffee - 1.80, Large Hot Chocolate - 1.70",11.45,CARD,7720995975298787
28/03/2025 12:20,Leeds,Catherine Thompson,"Large Filter coffee - 1.80, Regular Chai latte - 2.30, Large Iced americano - 2.50",6.6,CARD,5403037177364511
28/03/2025 12:21,Leeds,Mark Smith,"Large Chai latte - 2.60, Regular Filter coffee - 1.50",4.1,CARD,5633078264932923
28/03/2025 12:23,Leeds,Johnny Mermis,"Large Iced americano - 2.50, Regular Iced americano - 2.15, Regular Iced americano - 2.15, Large Hot Chocolate - 1.70, Regular Iced americano - 2.15",10.65,CARD,3591050669565810
28/03/2025 12:25,Leeds,Cindy Cepero,"Large Filter coffee - 1.80, Large Chai latte - 2.60, Regular Hot Chocolate - 1.40, Large Hot Chocolate - 1.70, Regular Hot Chocolate - 1.40",8.9,CARD,9797489410903779
28/03/2025 12:26,Leeds,Stewart Gibby,"Regular Chai latte - 2.30, Regular Chai latte - 2.30, Regular Chai latte - 2.30, Regular Chai latte - 2.30, Large Hot Chocolate - 1.70, Large Chai latte - 2.60",13.5,CASH,
28/03/2025 12:28,Leeds,Mary Mazurek,"Large Speciality Tea - English breakfast - 1.60, Large Chai latte - 2.60, Large Filter coffee - 1.80, Large Chai latte - 2.60",8.6,CARD,6821825974607957
28/03/2025 12:30,Leeds,Jo Mimbs,"Large Chai latte - 2.60, Regular Speciality Tea - English breakfast - 1.30, Regular Hot Chocolate - 1.40",5.3,CASH,
28/03/2025 12:31,Leeds,Edgar Latouche,"Regular Speciality Tea - English breakfast - 1.30, Large Filter coffee - 1.80",3.1,CARD,4639481283550751
28/03/2025 12:33,Leeds,Edward Kuhr,"Regular Speciality Tea - English breakfast - 1.30, Large Filter coffee - 1.80, Large Chai latte - 2.60",5.7,CARD,2989053687691158
28/03/2025 12:35,Leeds,Donald Johnson,"Large Speciality Tea - English breakfast - 1.60, Large Chai latte - 2.60, Regular Speciality Tea - English breakfast - 1.30, Large Hot Chocolate - 1.70, Large Iced americano - 2.50",9.7,CARD,9297500963145495
28/03/2025 12:36,Leeds,Margarita Beaulieu,"Large Chai latte - 2.60, Regular Speciality Tea - English breakfast - 1.30, Large Filter coffee - 1.80",5.7,CASH,
28/03/2025 12:38,Leeds,Patricia Mares,Regular Iced americano - 2.15,2.15,CARD,6969932694587058
28/03/2025 12:40,Leeds,Rosemary Lee,Large Speciality Tea - English breakfast - 1.60,1.6,CARD,2840659355245345
28/03/2025 12:41,Leeds,Chester Brown,Regular Iced americano - 2.15,2.15,CARD,7608609638452776
28/03/2025 12:43,Leeds,Charles Maze,Regular Speciality Tea - English breakfast - 1.30,1.3,CARD,4956032333487848
28/03/2025 12:45,Leeds,Dee Miles,Large Chai latte - 2.60,2.6,CASH,
28/03/2025 12:46,Leeds,Irene Basham,"Regular Speciality Tea - English breakfast - 1.30, Large Chai latte - 2.60",3.9,CASH,
28/03/2025 12:48,Leeds,Carmen Welch,"Large Speciality Tea - English breakfast - 1.60, Large Filter coffee - 1.80, Regular Iced americano - 2.15",5.55,CARD,2910598983314469
28/03/2025 12:50,Leeds,David Greene,"Regular Hot Chocolate - 1.40, Large Speciality Tea - English breakfast - 1.60",3.0,CASH,
28/03/2025 12:51,Leeds,Donald Fullbright,"Regular Hot Chocolate - 1.40, Regular Filter coffee - 1.50, Large Chai latte - 2.60",5.5,CASH,
28/03/2025 12:53,Leeds,Brent Judon,"Regular Hot Chocolate - 1.40, Large Speciality Tea - English breakfast - 1.60, Regular Hot Chocolate - 1.40, Regular Iced americano - 2.15, Large Speciality Tea - English breakfast - 1.60, Regular Filter coffee - 1.50",9.65,CARD,4919540368921525
28/03/2025 12:55,Leeds,Wesley Loving,"Regular Speciality Tea - English breakfast - 1.30, Regular Filter coffee - 1.50",2.8,CARD,4167294721937832
28/03/2025 12:56,Leeds,Charlene Leigh,Large Chai latte - 2.60,2.6,CARD,8529653905220443
28/03/2025 12:58,Leeds,Kenneth Gibson,"Large Filter coffee - 1.80, Regular Iced americano - 2.15, Regular Chai latte - 2.30, Regular Iced americano - 2.15",8.4,CARD,8226865215044505
28/03/2025 13:00,Leeds,Stephen Silva,Regular Iced americano - 2.15,2.15,CASH,
28/03/2025 13:00,Leeds,James Willis,"Regular Chai latte - 2.30, Large Hot Chocolate - 1.70, Large Iced americano - 2.50, Regular Speciality Tea - English breakfast - 1.30",7.8,CASH,
28/03/2025 13:01,Leeds,Samuel Mccullin,"Regular Hot Chocolate - 1.40, Regular Iced americano - 2.15, Regular Iced americano - 2.15",5.7,CASH,
28/03/2025 13:02,Leeds,Thomas Rivera,"Large Speciality Tea - English breakfast - 1.60, Regular Iced americano - 2.15, Regular Filter coffee - 1.50",5.25,CARD,1340808965975452
28/03/2025 13:03,Leeds,Denise Burns,"Regular Iced americano - 2.15, Large Chai latte - 2.60, Large Speciality Tea - English breakfast - 1.60, Regular Chai latte - 2.30, Regular Filter coffee - 1.50",10.15,CARD,6795586870435440
28/03/2025 13:04,Leeds,Nina Gilmore,"Large Speciality Tea - English breakfast - 1.60, Large Filter coffee - 1.80, Large Filter coffee - 1.80, Regular Filter coffee - 1.50, Regular Speciality Tea - English breakfast - 1.30",8.0,CARD,5187963347473378
28/03/2025 13:05,Leeds,Frank Bernacchi,Regular Hot Chocolate - 1.40,1.4,CARD,6659003915381657
28/03/2025 13:05,Leeds,Denise Benham,"Large Filter coffee - 1.80, Large Chai latte - 2.60, Large Speciality Tea - English breakfast - 1.60, Regular Chai latte - 2.30",8.3,CASH,
28/03/2025 13:06,Leeds,Darlene Barnes,Large Hot Chocolate - 1.70,1.7,CASH,
28/03/2025 13:07,Leeds,Rhonda Phillips,Regular Filter coffee - 1.50,1.5,CASH,
28/03/2025 13:08,Leeds,Craig Youtsey,Large Filter coffee - 1.80,1.8,CASH,
28/03/2025 13:09,Leeds,Kathleen Marra,"Regular Chai latte - 2.30, Large Hot Chocolate - 1.70, Regular Hot Chocolate - 1.40, Large Speciality Tea - English breakfast - 1.60, Regular Chai latte - 2.30",9.3,CASH,
28/03/2025 13:10,Leeds,Alice Adams,Large Filter coffee - 1.80,1.8,CASH,
28/03/2025 13:10,Leeds,Donna Alkire,"Regular Filter coffee - 1.50, Regular Filter coffee - 1.50, Large Hot Chocolate - 1.70, Large Speciality Tea - English breakfast - 1.60, Large Hot Chocolate - 1.70",8.0,CASH,
28/03/2025 13:11,Leeds,Susan Stater,"Large Hot Chocolate - 1.70, Large Speciality Tea - English breakfast - 1.60",3.3,CASH,
28/03/2025 13:12,Leeds,Emmanuel Spates,"Regular Iced americano - 2.15, Large Filter coffee - 1.80, Large Filter coffee - 1.80, Large Hot Chocolate - 1.70",7.45,CARD,6606650385712438
28/03/2025 13:13,Leeds,Jessica Sutton,"Large Iced americano - 2.50, Large Speciality Tea - English breakfast - 1.60, Regular Iced americano - 2.15, Regular Chai latte - 2.30",8.55,CASH,
28/03/2025 13:14,Leeds,Celesta Beddo,Large Iced americano - 2.50,2.5,CARD,1428172271952558
28/03/2025 13:15,Leeds,Sharon Joseph,"Regular Hot Chocolate - 1.40, Regular Hot Chocolate - 1.40, Large Filter coffee - 1.80, Large Chai latte - 2.60",7.2,CASH,
28/03/2025 13:15,Leeds,William Brown,"Large Chai latte - 2.60, Large Speciality Tea - English breakfast - 1.60, Large Hot Chocolate - 1.70, Regular Chai latte - 2.30",8.2,CASH,
28/03/2025 13:16,Leeds,Maurine Rodriguez,Regular Speciality Tea - English breakfast - 1.30,1.3,CASH,
28/03/2025 13:17,Leeds,Robert Alexander,"Large Filter coffee - 1.80, Large Iced americano - 2.50",4.3,CARD,6786211903934798
28/03/2025 13:18,Leeds,Karen Winston,Large Filter coffee - 1.80,1.8,CASH,
28/03/2025 13:19,Leeds,Eleanor Blue,Large Speciality Tea - English breakfast - 1.60,1.6,CARD,9737483755173506
28/03/2025 13:20,Leeds,Jason Real,"Large Filter coffee - 1.80, Regular Iced americano - 2.15, Large Filter coffee - 1.80, Large Chai latte - 2.60",8.35,CARD,4912495888143632
28/03/2025 13:20,Leeds,Robert King,"Regular Hot Chocolate - 1.40, Large Chai latte - 2.60, Regular Filter coffee - 1.50",5.5,CASH,
28/03/2025 13:21,Leeds,William Ryan,"Regular Chai latte - 2.30, Regular Iced americano - 2.15",4.45,CASH,
28/03/2025 13:22,Leeds,Brenda Cotton,"Large Filter coffee - 1.80, Large Speciality Tea - English breakfast - 1.60, Large Filter coffee - 1.80",5.2,CASH,
28/03/2025 13:23,Leeds,Jerry Anderson,"Regular Filter coffee - 1.50, Regular Iced americano - 2.15, Large Speciality Tea - English breakfast - 1.60",5.25,CARD,5374034322331005
28/03/2025 13:24,Leeds,Todd Ceja,Large Iced americano - 2.50,2.5,CARD,5409747131938919
28/03/2025 13:25,Leeds,Roger Hoang,"Regular Filter coffee - 1.50, Regular Chai latte - 2.30",3.8,CARD,3100602347879857
28/03/2025 13:25,Leeds,Gladys Jefferies,"Regular Filter coffee - 1.50, Regular Chai latte - 2.30",3.8,CARD,9708230690256075
28/03/2025 13:26,Leeds,Clarence Hunt,"Large Hot Chocolate - 1.70, Large Chai latte - 2.60",4.3,CASH,
28/03/2025 13:27,Leeds,Carol Milford,Regular Filter coffee - 1.50,1.5,CARD,1767392403932412
28/03/2025 13:28,Leeds,Claudia Cleveland,"Large Filter coffee - 1.80, Regular Hot Chocolate - 1.40, Large Filter coffee - 1.80, Regular Filter coffee - 1.50, Large Chai latte - 2.60",9.1,CARD,8880975784179801
28/03/2025 13:29,Leeds,Marian Tesmar,Regular Chai latte - 2.30,2.3,CARD,8047258784065156
28/03/2025 13:30,Leeds,Debbie Lee,"Large Filter coffee - 1.80, Regular Filter coffee - 1.50, Large Iced americano - 2.50",5.8,CARD,3546896044482014
28/03/2025 13:30,Leeds,Susan Buttrey,"Regular Filter coffee - 1.50, Regular Filter coffee - 1.50, Large Filter coffee - 1.80",4.8,CARD,3103748302553468
28/03/2025 13:31,Leeds,Pamela Vincent,Regular Filter coffee - 1.50,1.5,CARD,1867070325957051
28/03/2025 13:32,Leeds,Rebecca Johnson,Large Chai latte - 2.60,2.6,CARD,5187640701059712
28/03/2025 13:33,Leeds,Kristen Woods,"Regular Chai latte - 2.30, Regular Speciality Tea - English breakfast - 1.30, Regular Hot Chocolate - 1.40",5.0,CARD,2897146251267597
28/03/2025 13:34,Leeds,Regina Everett,"Large Iced americano - 2.50, Large Iced americano - 2.50",5.0,CARD,5995431804382660
28/03/2025 13:35,Leeds,Floyd Wilson,Regular Chai latte - 2.30,2.3,CARD,5123897443140788
28/03/2025 13:35,Leeds,Charlie Taylor,"Regular Speciality Tea - English breakfast - 1.30, Regular Hot Chocolate - 1.40, Regular Speciality Tea - English breakfast - 1.30",4.0,CARD,3264307337011000
28/03/2025 13:36,Leeds,Katie Liriano,"Regular Speciality Tea - English breakfast - 1.30, Regular Chai latte - 2.30",3.6,CASH,
28/03/2025 13:37,Leeds,Juan Gulbrandsen,"Large Filter coffee - 1.80, Regular Filter coffee - 1.50, Large Speciality Tea - English breakfast - 1.60",4.9,CARD,4031180325684888
28/03/2025 13:38,Leeds,Jacqueline Lowe,Large Hot Chocolate - 1.70,1.7,CARD,6075436142749337
28/03/2025 13:39,Leeds,Daniel Atwood,"Large Hot Chocolate - 1.70, Regular Hot Chocolate - 1.40, Large Filter coffee - 1.80, Large Speciality Tea - English breakfast - 1.60",6.5,CASH,
28/03/2025 13:40,Leeds,Frances Mcfarland,"Regular Filter coffee - 1.50, Regular Filter coffee - 1.50, Regular Chai latte - 2.30",5.3,CASH,
28/03/2025 13:40,Leeds,Horace Munoz,"Regular Iced americano - 2.15, Regular Filter coffee - 1.50, Large Hot Chocolate - 1.70, Regular Speciality Tea - English breakfast - 1.30, Large Chai latte - 2.60",9.25,CARD,1797259404340698
28/03/2025 13:41,Leeds,Yvonne Hill,Regular Chai latte - 2.30,2.3,CARD,3839785696168695
28/03/2025 13:42,Leeds,Janet Morris,"Large Iced americano - 2.50, Large Chai latte - 2.60",5.1,CASH,
28/03/2025 13:43,Leeds,Ashley Chavarria,Regular Filter coffee - 1.50,1.5,CARD,7871246655570127
28/03/2025 13:44,Leeds,Patrick Morris,"Regular Filter coffee - 1.50, Large Speciality Tea - English breakfast - 1.60, Large Iced americano - 2.50, Regular Hot Chocolate - 1.40, Large Chai latte - 2.60",9.6,CARD,1550531330123981
28/03/2025 13:45,Leeds,Katherine Bennett,"Regular Iced americano - 2.15, Large Filter coffee - 1.80, Regular Filter coffee - 1.50, Large Speciality Tea - English breakfast - 1.60",7.05,CASH,
28/03/2025 13:45,Leeds,Rita Jenkins,"Large Filter coffee - 1.80, Large Hot Chocolate - 1.70, Large Iced americano - 2.50",6.0,CARD,1717333251437936
28/03/2025 13:46,Leeds,Ida Powe,"Large Chai latte - 2.60, Regular Iced americano - 2.15, Regular Iced americano - 2.15",6.9,CARD,1883102860430144
28/03/2025 13:47,Leeds,David Middleton,"Regular Hot Chocolate - 1.40, Regular Filter coffee - 1.50",2.9,CARD,3142951642158221
28/03/2025 13:48,Leeds,Laurie Saechao,"Large Speciality Tea - English breakfast - 1.60, Regular Filter coffee - 1.50, Large Speciality Tea - English breakfast - 1.60, Regular Chai latte - 2.30",7.0,CARD,2522272307690162
28/03/2025 13:49,Leeds,Wanda Tolar,"Regular Speciality Tea - English breakfast - 1.30, Regular Filter coffee - 1.50, Regular Chai latte - 2.30",5.1,CASH,
28/03/2025 13:50,Leeds,Marion Tanner,"Regular Speciality Tea - English breakfast - 1.30, Large Chai latte - 2.60",3.9,CASH,
28/03/2025 13:50,Leeds,James Cochran,"Large Iced americano - 2.50, Regular Hot Chocolate - 1.40, Large Iced americano - 2.50",6.4,CARD,4877006670465989
28/03/2025 13:51,Leeds,Joanne Pelletier,"Large Chai latte - 2.60, Regular Filter coffee - 1.50, Large Filter coffee - 1.80, Large Filter coffee - 1.80, Large Chai latte - 2.60",10.3,CARD,4646542104551321
28/03/2025 13:52,Leeds,Nancy Viejo,"Large Chai latte - 2.60, Large Iced americano - 2.50",5.1,CASH,
28/03/2025 13:53,Leeds,Helen Byrd,"Regular Chai latte - 2.30, Large Chai latte - 2.60",4.9,CASH,
28/03/2025 13:54,Leeds,Allen Ousley,"Regular Iced americano - 2.15, Regular Chai latte - 2.30, Large Speciality Tea - English breakfast - 1.60, Regular Filter coffee - 1.50, Large Filter coffee - 1.80",9.35,CARD,5532929797563247
28/03/2025 13:55,Leeds,Ronald Malton,Large Chai latte - 2.60,2.6,CARD,1001708538230273
28/03/2025 13:55,Leeds,Chelsey Davis,Regular Filter coffee - 1.50,1.5,CARD,4554466628746695
28/03/2025 13:56,Leeds,Mike Holeman,"Large Filter coffee - 1.80, Large Hot Chocolate - 1.70",3.5,CASH,
28/03/2025 13:57,Leeds,Pamela Presnall,"Large Speciality Tea - English breakfast - 1.60, Regular Speciality Tea - English breakfast - 1.30, Large Speciality Tea - English breakfast - 1.60, Large Iced americano - 2.50",7.0,CASH,
28/03/2025 13:58,Leeds,David Tinsley,"Regular Filter coffee - 1.50, Large Filter coffee - 1.80",3.3,CASH,
28/03/2025 13:59,Leeds,Sheri Loveman,Regular Iced americano - 2.15,2.15,CARD,1522493557482819
28/03/2025 14:00,Leeds,Courtney Campbell,"Regular Chai latte - 2.30, Large Filter coffee - 1.80, Regular Speciality Tea - English breakfast - 1.30",5.4,CARD,3708728633442392
28/03/2025 14:01,Leeds,Mary Walter,"Large Speciality Tea - English breakfast - 1.60, Regular Hot Chocolate - 1.40, Large Hot Chocolate - 1.70",4.7,CASH,
28/03/2025 14:02,Leeds,Patrick Dishman,"Regular Chai latte - 2.30, Regular Hot Chocolate - 1.40, Regular Iced americano - 2.15, Regular Chai latte - 2.30, Large Iced americano - 2.50",10.65,CARD,7062918943325070
28/03/2025 14:02,Leeds,John Boyer,"Large Hot Chocolate - 1.70, Large Hot Chocolate - 1.70",3.4,CARD,2035891344817824
28/03/2025 14:03,Leeds,Mary Cote,"Large Hot Chocolate - 1.70, Large Filter coffee - 1.80, Regular Filter coffee - 1.50, Regular Filter coffee - 1.50, Large Hot Chocolate - 1.70",8.2,CASH,
28/03/2025 14:04,Leeds,Sandra Frank,Regular Speciality Tea - English breakfast - 1.30,1.3,CARD,1060697843181393
28/03/2025 14:05,Leeds,Napoleon Mau,"Regular Chai latte - 2.30, Regular Speciality Tea - English breakfast - 1.30",3.6,CASH,
28/03/2025 14:06,Leeds,Sharlene Brooks,Regular Chai latte - 2.30,2.3,CARD,4449403154372309
28/03/2025 14:07,Leeds,Abigail Artis,"Regular Chai latte - 2.30, Regular Chai latte - 2.30, Large Hot Chocolate - 1.70",6.3,CARD,2054188332828050
28/03/2025 14:08,Leeds,Tracey Wilson,Regular Chai latte - 2.30,2.3,CASH,
28/03/2025 14:09,Leeds,Laura Green,"Regular Chai latte - 2.30, Regular Filter coffee - 1.50, Regular Filter coffee - 1.50, Regular Speciality Tea - English breakfast - 1.30, Regular Speciality Tea - English breakfast - 1.30, Large Filter coffee - 1.80",9.7,CARD,4974543115874621
28/03/2025 14:10,Leeds,Richard Velasquez,"Regular Hot Chocolate - 1.40, Regular Hot Chocolate - 1.40, Large Chai latte - 2.60, Regular Speciality Tea - English breakfast - 1.30",6.7,CARD,3136241436101142
28/03/2025 14:11,Leeds,Ted Griffith,"Regular Filter coffee - 1.50, Regular Chai latte - 2.30, Regular Chai latte - 2.30",6.1,CASH,
28/03/2025 14:12,Leeds,Rose Ratliff,"Large Filter coffee - 1.80, Regular Chai latte - 2.30",4.1,CARD,7404459422760979
28/03/2025 14:13,Leeds,John Johnson,Regular Filter coffee - 1.50,1.5,CARD,2789679711808661
28/03/2025 14:14,Leeds,Kenneth Clausen,"Large Filter coffee - 1.80, Large Filter coffee - 1.80, Large Iced americano - 2.50",6.1,CARD,5345321838715712
28/03/2025 14:15,Leeds,Rodney Gates,"Large Speciality Tea - English breakfast - 1.60, Large Speciality Tea - English breakfast - 1.60, Regular Hot Chocolate - 1.40, Large Chai latte - 2.60",7.2,CARD,1994392781621147
28/03/2025 14:16,Leeds,Roberto Castro,"Large Iced americano - 2.50, Regular Filter coffee - 1.50",4.0,CASH,
28/03/2025 14:17,Leeds,Craig Hammond,"Regular Filter coffee - 1.50, Large Hot Chocolate - 1.70, Large Chai latte - 2.60",5.8,CASH,
28/03/2025 14:18,Leeds,Alexandria Jones,"Regular Speciality Tea - English breakfast - 1.30, Regular Filter coffee - 1.50, Regular Hot Chocolate - 1.40, Regular Chai latte - 2.30, Large Filter coffee - 1.80",8.3,CARD,5105772812807794
28/03/2025 14:19,Leeds,Mary Baldwin,"Regular Filter coffee - 1.50, Large Chai latte - 2.60, Large Filter coffee - 1.80, Large Speciality Tea - English breakfast - 1.60",7.5,CARD,8325546773599585
28/03/2025 14:20,Leeds,Joshua Stclair,"Large Filter coffee - 1.80, Regular Filter coffee - 1.50, Large Hot Chocolate - 1.70, Large Hot Chocolate - 1.70",6.7,CASH,
28/03/2025 14:21,Leeds,Mildred Kaiser,"Large Chai latte - 2.60, Regular Iced americano - 2.15, Regular Filter coffee - 1.50",6.25,CASH,
28/03/2025 14:21,Leeds,Ronald Engle,"Large Filter coffee - 1.80, Large Speciality Tea - English breakfast - 1.60, Regular Chai latte - 2.30, Regular Speciality Tea - English breakfast - 1.30, Large Filter coffee - 1.80",8.8,CASH,
28/03/2025 14:22,Leeds,Daniel Riggs,Regular Chai latte - 2.30,2.3,CARD,6116039936460159
28/03/2025 14:23,Leeds,Deborah Allen,"Large Speciality Tea - English breakfast - 1.60, Regular Speciality Tea - English breakfast - 1.30, Large Hot Chocolate - 1.70",4.6,CARD,8719936912209792
28/03/2025 14:24,Leeds,Mark Rocha,"Regular Chai latte - 2.30, Large Filter coffee - 1.80, Regular Speciality Tea - English breakfast - 1.30, Regular Speciality Tea - English breakfast - 1.30",6.7,CARD,1525503320513163
28/03/2025 14:25,Leeds,Pam Craven,"Regular Filter coffee - 1.50, Regular Chai latte - 2.30",3.8,CARD,6811322557705962
28/03/2025 14:26,Leeds,James Estrada,"Large Filter coffee - 1.80, Large Filter coffee - 1.80",3.6,CARD,5804233869433568
28/03/2025 14:27,Leeds,Michael Morren,"Large Speciality Tea - English breakfast - 1.60, Regular Iced americano - 2.15",3.75,CARD,7648523072096749
28/03/2025 14:28,Leeds,Augustine Merritt,"Regular Filter coffee - 1.50, Large Chai latte - 2.60, Large Chai latte - 2.60",6.7,CARD,8830317070995053
28/03/2025 14:29,Leeds,Reta Billups,Regular Chai latte - 2.30,2.3,CARD,4242950864975966
28/03/2025 14:30,Leeds,Joel Welter,Regular Speciality Tea - English breakfast - 1.30,1.3,CARD,1945481539634140
28/03/2025 14:31,Leeds,Sharon Anderson,Large Chai latte - 2.60,2.6,CARD,9132725082544999
28/03/2025 14:32,Leeds,Enrique Melton,"Regular Filter coffee - 1.50, Regular Iced americano - 2.15, Large Chai latte - 2.60",6.25,CARD,6809688461043254
28/03/2025 14:33,Leeds,Laura Holt,"Regular Iced americano - 2.15, Large Hot Chocolate - 1.70, Large Hot Chocolate - 1.70, Large Hot Chocolate - 1.70, Large Chai latte - 2.60",9.85,CARD,3341597680783461
28/03/2025 14:34,Leeds,Dallas Galloway,"Large Hot Chocolate - 1.70, Large Filter coffee - 1.80, Large Hot Chocolate - 1.70, Large Chai latte - 2.60, Regular Speciality Tea - English breakfast - 1.30",9.1,CASH,
28/03/2025 14:35,Leeds,Pamela Tibbles,"Regular Filter coffee - 1.50, Large Hot Chocolate - 1.70, Regular Filter coffee - 1.50, Regular Filter coffee - 1.50",6.2,CASH,
28/03/2025 14:36,Leeds,Robert Dodge,Regular Iced americano - 2.15,2.15,CASH,
28/03/2025 14:37,Leeds,Kimberly Kahn,"Regular Speciality Tea - English breakfast - 1.30, Large Chai latte - 2.60",3.9,CASH,
28/03/2025 14:38,Leeds,Catherine Hernandez,"Large Iced americano - 2.50, Large Hot Chocolate - 1.70, Regular Filter coffee - 1.50, Regular Filter coffee - 1.50",7.2,CASH,
28/03/2025 14:39,Leeds,Kristi Rojas,Large Iced americano - 2.50,2.5,CASH,
28/03/2025 14:40,Leeds,Timothy Belisle,"Large Chai latte - 2.60, Large Hot Chocolate - 1.70",4.3,CARD,6932256912747880
28/03/2025 14:40,Leeds,Roger May,Regular Filter coffee - 1.50,1.5,CASH,
28/03/2025 14:41,Leeds,Sarah Schuller,"Regular Speciality Tea - English breakfast - 1.30, Large Filter coffee - 1.80, Large Filter coffee - 1.80",4.9,CASH,
28/03/2025 14:42,Leeds,Robert Cordova,Regular Chai latte - 2.30,2.3,CARD,3803313219045011
28/03/2025 14:43,Leeds,Arnulfo Risch,"Large Iced americano - 2.50, Large Filter coffee - 1.80, Large Iced americano - 2.50",6.8,CARD,9760436812089733
28/03/2025 14:44,Leeds,Justine Reynolds,Regular Chai latte - 2.30,2.3,CARD,5258614811264280
28/03/2025 14:45,Leeds,James Webb,"Large Iced americano - 2.50, Large Iced americano - 2.50, Regular Chai latte - 2.30, Large Speciality Tea - English breakfast - 1.60, Large Chai latte - 2.60",11.5,CARD,9254347833291288
28/03/2025 14:46,Leeds,Roland Smith,"Large Speciality Tea - English breakfast - 1.60, Large Hot Chocolate - 1.70, Regular Chai latte - 2.30, Large Hot Chocolate - 1.70",7.3,CARD,4563139966118578
28/03/2025 14:47,Leeds,Maya Woodyard,Regular Filter coffee - 1.50,1.5,CARD,5587314614768141
28/03/2025 14:48,Leeds,Jamie Roth,"Large Filter coffee - 1.80, Regular Iced americano - 2.15",3.95,CARD,2723574840563829
28/03/2025 14:49,Leeds,Bill Houghtaling,Large Speciality Tea - English breakfast - 1.60,1.6,CARD,5136483443768767
28/03/2025 14:50,Leeds,Sheryl Rotenberry,"Large Iced americano - 2.50, Regular Hot Chocolate - 1.40",3.9,CARD,4752927758864206
28/03/2025 14:51,Leeds,Samuel Mcginnis,"Large Chai latte - 2.60, Large Chai latte - 2.60",5.2,CARD,5380633234571865
28/03/2025 14:52,Leeds,Ramon Silva,"Large Iced americano - 2.50, Large Chai latte - 2.60, Regular Speciality Tea - English breakfast - 1.30, Regular Filter coffee - 1.50",7.9,CARD,6719663853292843
28/03/2025 14:53,Leeds,Glen Chandler,"Regular Chai latte - 2.30, Regular Hot Chocolate - 1.40, Regular Chai latte - 2.30, Regular Iced americano - 2.15, Regular Iced americano - 2.15",10.3,CARD,3153581823789056
28/03/2025 14:54,Leeds,James Mendez,"Regular Filter coffee - 1.50, Large Filter coffee - 1.80",3.3,CASH,
28/03/2025 14:55,Leeds,Scott Smithers,"Regular Hot Chocolate - 1.40, Large Speciality Tea - English breakfast - 1.60",3.0,CASH,
28/03/2025 14:56,Leeds,Bradley Miners,"Regular Speciality Tea - English breakfast - 1.30, Large Hot Chocolate - 1.70, Large Speciality Tea - English breakfast - 1.60, Large Chai latte - 2.60",7.2,CARD,3429002769000955
28/03/2025 14:57,Leeds,Ramiro Sutton,"Regular Chai latte - 2.30, Regular Filter coffee - 1.50",3.8,CARD,3360225098631095
28/03/2025 14:58,Leeds,Sheila Green,Large Hot Chocolate - 1.70,1.7,CARD,6308754534531938
28/03/2025 14:59,Leeds,Glenda Goodwin,"Large Chai latte - 2.60, Regular Speciality Tea - English breakfast - 1.30",3.9,CARD,9587657569396476
28/03/2025 14:59,Leeds,Timothy Pease,"Regular Filter coffee - 1.50, Large Iced americano - 2.50, Regular Speciality Tea - English breakfast - 1.30, Regular Filter coffee - 1.50, Large Hot Chocolate - 1.70",8.5,CARD,8819512252916775
28/03/2025 15:00,Leeds,Jerome Wright,"Regular Speciality Tea - English breakfast - 1.30, Large Iced americano - 2.50, Large Iced americano - 2.50, Large Chai latte - 2.60, Regular Iced americano - 2.15",11.05,CARD,7034325759725110
28/03/2025 15:01,Leeds,Tammie Hubbard,"Large Hot Chocolate - 1.70, Regular Speciality Tea - English breakfast - 1.30",3.0,CASH,
28/03/2025 15:02,Leeds,Ryan Csaszar,"Large Speciality Tea - English breakfast - 1.60, Regular Iced americano - 2.15",3.75,CASH,
28/03/2025 15:03,Leeds,Donna Hall,"Large Chai latte - 2.60, Regular Filter coffee - 1.50, Regular Iced americano - 2.15",6.25,CASH,
28/03/2025 15:04,Leeds,Olga Wallis,"Regular Chai latte - 2.30, Large Filter coffee - 1.80, Regular Hot Chocolate - 1.40, Large Filter coffee - 1.80, Large Speciality Tea - English breakfast - 1.60",8.9,CARD,4900151165316865
28/03/2025 15:05,Leeds,Dawn Decker,"Large Chai latte - 2.60, Regular Filter coffee - 1.50, Regular Filter coffee - 1.50, Large Hot Chocolate - 1.70",7.3,CASH,
28/03/2025 15:06,Leeds,Richard Cudney,"Large Iced americano - 2.50, Large Filter coffee - 1.80, Large Filter coffee - 1.80, Large Chai latte - 2.60, Large Chai latte - 2.60, Large Hot Chocolate - 1.70",13.0,CARD,5150075017061612
28/03/2025 15:07,Leeds,Ernest Brush,"Large Filter coffee - 1.80, Large Chai latte - 2.60, Regular Chai latte - 2.30",6.7,CARD,8855678744702464
28/03/2025 15:07,Leeds,Mary Vian,Regular Hot Chocolate - 1.40,1.4,CARD,1822183766834710
28/03/2025 15:08,Leeds,Jean Elston,"Large Hot Chocolate - 1.70, Large Chai latte - 2.60, Large Filter coffee - 1.80",6.1,CASH,
28/03/2025 15:09,Leeds,Laura Coffey,Large Filter coffee - 1.80,1.8,CARD,3389781596499848
28/03/2025 15:10,Leeds,Edward Tuohy,Regular Filter coffee - 1.50,1.5,CASH,
28/03/2025 15:11,Leeds,Brenda Albanese,Regular Iced americano - 2.15,2.15,CARD,8991312142073976
28/03/2025 15:12,Leeds,Susan Liotta,"Large Iced americano - 2.50, Regular Filter coffee - 1.50, Large Filter coffee - 1.80",5.8,CASH,
28/03/2025 15:13,Leeds,Mireya Whitford,"Regular Chai latte - 2.30, Large Speciality Tea - English breakfast - 1.60, Regular Speciality Tea - English breakfast - 1.30, Large Speciality Tea - English breakfast - 1.60",6.8,CARD,2233303532345374
28/03/2025 15:14,Leeds,Robert Middleton,"Large Hot Chocolate - 1.70, Large Speciality Tea - English breakfast - 1.60, Large Chai latte - 2.60, Large Iced americano - 2.50",8.4,CARD,6650588041761570
28/03/2025 15:14,Leeds,James Horton,"Regular Speciality Tea - English breakfast - 1.30, Regular Hot Chocolate - 1.40",2.7,CARD,1361379287973763
28/03/2025 15:15,Leeds,Juanita Dotson,"Regular Speciality Tea - English breakfast - 1.30, Large Speciality Tea - English breakfast - 1.60, Large Iced americano - 2.50, Regular Speciality Tea - English breakfast - 1.30",6.7,CARD,6401951903722648
28/03/2025 15:16,Leeds,Erika Kitanik,"Large Iced americano - 2.50, Large Speciality Tea - English breakfast - 1.60",4.1,CARD,7298662599052327
28/03/2025 15:17,Leeds,Vera Anton,"Regular Iced americano - 2.15, Regular Hot Chocolate - 1.40",3.55,CASH,
28/03/2025 15:18,Leeds,Linda Jordan,"Large Chai latte - 2.60, Large Hot Chocolate - 1.70, Regular Filter coffee - 1.50",5.8,CARD,4588258405648855
28/03/2025 15:19,Leeds,Hector Wood,"Large Filter coffee - 1.80, Regular Iced americano - 2.15, Regular Iced americano - 2.15, Large Filter coffee - 1.80, Large Iced americano - 2.50",10.4,CARD,6852675983411653
28/03/2025 15:20,Leeds,Timothy Mulvey,"Large Filter coffee - 1.80, Large Chai latte - 2.60, Large Speciality Tea - English breakfast - 1.60",6.0,CARD,4262370356788954
28/03/2025 15:21,Leeds,Sandra Perez,"Regular Chai latte - 2.30, Regular Chai latte - 2.30, Regular Filter coffee - 1.50, Regular Speciality Tea - English breakfast - 1.30, Regular Filter coffee - 1.50, Large Filter coffee - 1.80",10.7,CARD,8584526973569790
28/03/2025 15:22,Leeds,Kimberly Grieb,"Regular Hot Chocolate - 1.40, Regular Iced americano - 2.15, Regular Iced americano - 2.15, Large Chai latte - 2.60",8.3,CARD,2598255861031497
28/03/2025 15:22,Leeds,Martha Armstrong,"Large Speciality Tea - English breakfast - 1.60, Regular Speciality Tea - English breakfast - 1.30",2.9,CARD,8006034962852989
28/03/2025 15:23,Leeds,Jack Robles,"Regular Filter coffee - 1.50, Large Chai latte - 2.60, Regular Filter coffee - 1.50",5.6,CARD,9521767507597599
28/03/2025 15:24,Leeds,Eddie Cash,Regular Chai latte - 2.30,2.3,CASH,
28/03/2025 15:25,Leeds,Shirley Reed,"Large Filter coffee - 1.80, Large Speciality Tea - English breakfast - 1.60, Regular Hot Chocolate - 1.40",4.8,CARD,7598121539733225
28/03/2025 15:26,Leeds,Michael Christopher,"Regular Filter coffee - 1.50, Large Chai latte - 2.60, Large Hot Chocolate - 1.70, Large Filter coffee - 1.80, Large Iced americano - 2.50, Large Filter coffee - 1.80",11.9,CASH,
28/03/2025 15:27,Leeds,Steven Harris,Regular Iced americano - 2.15,2.15,CARD,2240727579902638
28/03/2025 15:28,Leeds,Marjorie Garcia,"Large Filter coffee - 1.80, Large Filter coffee - 1.80",3.6,CARD,6137385179792653
28/03/2025 15:29,Leeds,Bruce Murray,"Regular Speciality Tea - English breakfast - 1.30, Regular Filter coffee - 1.50, Large Filter coffee - 1.80, Regular Filter coffee - 1.50",6.1,CARD,3758106333255039
28/03/2025 15:29,Leeds,Cynthia Franco,Large Chai latte - 2.60,2.6,CARD,2371467556736788
28/03/2025 15:30,Leeds,Thelma Jones,"Large Iced americano - 2.50, Large Speciality Tea - English breakfast - 1.60",4.1,CARD,5809098046549908
28/03/2025 15:31,Leeds,Deborah Behanna,Regular Filter coffee - 1.50,1.5,CASH,
28/03/2025 15:32,Leeds,Lisa Payton,Regular Chai latte - 2.30,2.3,CARD,4986882408657774
28/03/2025 15:33,Leeds,Janelle Carr,"Large Filter coffee - 1.80, Regular Filter coffee - 1.50, Regular Iced americano - 2.15, Large Chai latte - 2.60, Large Hot Chocolate - 1.70, Large Iced americano - 2.50",12.25,CARD,9710953211070136
28/03/2025 15:34,Leeds,Cruz Reyna,"Regular Iced americano - 2.15, Regular Iced americano - 2.15, Regular Speciality Tea - English breakfast - 1.30",5.6,CARD,3089971662896566
28/03/2025 15:35,Leeds,James Victor,"Large Iced americano - 2.50, Regular Hot Chocolate - 1.40, Regular Chai latte - 2.30, Large Filter coffee - 1.80",8.0,CARD,2177879753992594
28/03/2025 15:36,Leeds,Isaac Pesqueira,Large Iced americano - 2.50,2.5,CARD,6997909194017241
28/03/2025 15:36,Leeds,William Richardson,"Regular Speciality Tea - English breakfast - 1.30, Regular Chai latte - 2.30",3.6,CASH,
28/03/2025 15:37,Leeds,Corey Schultz,Regular Speciality Tea - English breakfast - 1.30,1.3,CASH,
28/03/2025 15:38,Leeds,Louis Tooks,"Large Chai latte - 2.60, Regular Filter coffee - 1.50, Large Speciality Tea - English breakfast - 1.60",5.7,CARD,3822563350755647
28/03/2025 15:39,Leeds,Dave Stull,"Regular Speciality Tea - English breakfast - 1.30, Regular Speciality Tea - English breakfast - 1.30, Regular Filter coffee - 1.50",4.1,CASH,
28/03/2025 15:40,Leeds,Charles Cruz,"Regular Speciality Tea - English breakfast - 1.30, Regular Filter coffee - 1.50",2.8,CARD,4306048785815502
28/03/2025 15:41,Leeds,Marc Huckins,Regular Chai latte - 2.30,2.3,CARD,4167293169763970
28/03/2025 15:42,Leeds,Scott Kittler,Large Filter coffee - 1.80,1.8,CASH,
28/03/2025 15:43,Leeds,Jacob Kirkpatrick,"Large Chai latte - 2.60, Large Chai latte - 2.60",5.2,CARD,4629233048542446
28/03/2025 15:43,Leeds,Carlos Pharis,Large Chai latte - 2.60,2.6,CARD,6169481659179319
28/03/2025 15:44,Leeds,Joey Narine,"Large Chai latte - 2.60, Large Iced americano - 2.50",5.1,CARD,3750910855653352
28/03/2025 15:45,Leeds,Earl Hall,"Large Iced americano - 2.50, Large Filter coffee - 1.80",4.3,CARD,4761048479081678
28/03/2025 15:46,Leeds,Lester Graham,"Regular Speciality Tea - English breakfast - 1.30, Regular Hot Chocolate - 1.40",2.7,CARD,1407388172017848
28/03/2025 15:47,Leeds,Patrick Allen,"Large Hot Chocolate - 1.70, Regular Hot Chocolate - 1.40, Large Hot Chocolate - 1.70, Large Hot Chocolate - 1.70, Regular Speciality Tea - English breakfast - 1.30",7.8,CARD,3244497966832486
28/03/2025 15:48,Leeds,Nancy Sheehan,Regular Filter coffee - 1.50,1.5,CARD,9098617743360594
28/03/2025 15:49,Leeds,Samantha Morris,"Regular Iced americano - 2.15, Large Filter coffee - 1.80, Large Chai latte - 2.60, Large Iced americano - 2.50",9.05,CARD,8729024759612100
28/03/2025 15:50,Leeds,Martha Walsh,Large Filter coffee - 1.80,1.8,CASH,
28/03/2025 15:51,Leeds,Lewis Campos,"Regular Hot Chocolate - 1.40, Large Hot Chocolate - 1.70",3.1,CASH,
28/03/2025 15:51,Leeds,Heather Klein,"Large Iced americano - 2.50, Large Chai latte - 2.60",5.1,CARD,6155017324338468
28/03/2025 15:52,Leeds,Sarah Ellis,"Regular Filter coffee - 1.50, Large Speciality Tea - English breakfast - 1.60",3.1,CARD,3433950450165655
28/03/2025 15:53,Leeds,Chante Hamilton,"Large Speciality Tea - English breakfast - 1.60, Regular Speciality Tea - English breakfast - 1.30, Regular Chai latte - 2.30, Large Iced americano - 2.50, Regular Hot Chocolate - 1.40",9.1,CARD,1999847800900144
28/03/2025 15:54,Leeds,Sally Garcia,"Large Hot Chocolate - 1.70, Regular Speciality Tea - English breakfast - 1.30, Regular Filter coffee - 1.50, Regular Chai latte - 2.30",6.8,CASH,
28/03/2025 15:55,Leeds,Norris Sigala,Large Iced americano - 2.50,2.5,CARD,4206462781313866
28/03/2025 15:56,Leeds,Natasha Rosiles,"Large Iced americano - 2.50, Regular Hot Chocolate - 1.40",3.9,CASH,
28/03/2025 15:57,Leeds,Henry Sellers,"Large Chai latte - 2.60, Regular Filter coffee - 1.50, Large Filter coffee - 1.80, Regular Iced americano - 2.15, Large Filter coffee - 1.80",9.85,CARD,6117905846489015
28/03/2025 15:58,Leeds,Donovan Shanholtz,"Large Iced americano - 2.50, Large Iced americano - 2.50, Regular Hot Chocolate - 1.40",6.4,CASH,
28/03/2025 15:58,Leeds,Adrienne Mullenix,"Large Filter coffee - 1.80, Regular Chai latte - 2.30, Large Filter coffee - 1.80, Large Hot Chocolate - 1.70",7.6,CARD,9443353619568623
28/03/2025 15:59,Leeds,William Pope,Regular Speciality Tea - English breakfast - 1.30,1.3,CARD,7380518310180613
28/03/2025 16:00,Leeds,Vanessa Bell,"Regular Chai latte - 2.30, Regular Hot Chocolate - 1.40",3.7,CARD,5656669222246695
28/03/2025 16:02,Leeds,Lois Springer,"Regular Chai latte - 2.30, Large Hot Chocolate - 1.70, Large Speciality Tea - English breakfast - 1.60, Regular Chai latte - 2.30",7.9,CARD,7370856635824621
28/03/2025 16:04,Leeds,Sheila Hardy,"Regular Speciality Tea - English breakfast - 1.30, Large Iced americano - 2.50, Regular Chai latte - 2.30",6.1,CARD,2587419921232717
28/03/2025 16:05,Leeds,Thomas Lewis,Regular Chai latte - 2.30,2.3,CARD,9152615358968965
28/03/2025 16:07,Leeds,Manuel Moore,"Large Iced americano - 2.50, Regular Filter coffee - 1.50",4.0,CARD,3374586642065060
28/03/2025 16:09,Leeds,Louise Yates,"Regular Filter coffee - 1.50, Large Iced americano - 2.50",4.0,CARD,8775804189258859
28/03/2025 16:11,Leeds,Shannon Hyatt,"Regular Iced americano - 2.15, Large Speciality Tea - English breakfast - 1.60, Regular Chai latte - 2.30",6.05,CASH,
28/03/2025 16:12,Leeds,Josephina Sotelo,Large Speciality Tea - English breakfast - 1.60,1.6,CARD,4396603323078744
28/03/2025 16:14,Leeds,Isaura Kenney,"Regular Filter coffee - 1.50, Regular Filter coffee - 1.50, Large Chai latte - 2.60, Regular Chai latte - 2.30",7.9,CARD,7980864883083949
28/03/2025 16:16,Leeds,Elizebeth Murdock,Large Iced americano - 2.50,2.5,CASH,
28/03/2025 16:18,Leeds,Guy Mccormick,Large Hot Chocolate - 1.70,1.7,CARD,6677169969335355
28/03/2025 16:19,Leeds,Candace Dickerson,"Regular Filter coffee - 1.50, Large Chai latte - 2.60, Large Filter coffee - 1.80, Large Filter coffee - 1.80, Large Filter coffee - 1.80",9.5,CARD,5720137638206972
28/03/2025 16:21,Leeds,Pauline Gregoire,"Regular Filter coffee - 1.50, Large Chai latte - 2.60",4.1,CARD,9734387863396977
28/03/2025 16:23,Leeds,Zachary Willis,Regular Chai latte - 2.30,2.3,CASH,
28/03/2025 16:25,Leeds,Brandie Cahill,"Large Filter coffee - 1.80, Large Chai latte - 2.60, Regular Chai latte - 2.30, Large Chai latte - 2.60",9.3,CARD,1808571868335030
28/03/2025 16:27,Leeds,Samuel Jenkins,"Regular Filter coffee - 1.50, Large Hot Chocolate - 1.70",3.2,CARD,3418898247608655
28/03/2025 16:28,Leeds,Barbara Herrera,"Large Hot Chocolate - 1.70, Large Chai latte - 2.60, Regular Chai latte - 2.30",6.6,CARD,8370659002777624
28/03/2025 16:30,Leeds,Louise Cobar,Regular Chai latte - 2.30,2.3,CARD,4466537368923240
28/03/2025 16:32,Leeds,Ryan Hawkins,"Large Filter coffee - 1.80, Regular Iced americano - 2.15, Large Chai latte - 2.60, Regular Speciality Tea - English breakfast - 1.30, Regular Filter coffee - 1.50",9.35,CARD,3246126830018702
28/03/2025 16:34,Leeds,Joshua Barrera,Large Hot Chocolate - 1.70,1.7,CASH,
28/03/2025 16:35,Leeds,Neil Brown,"Regular Chai latte - 2.30, Regular Chai latte - 2.30, Regular Hot Chocolate - 1.40, Large Iced americano - 2.50",8.5,CARD,2407289762561403
28/03/2025 16:37,Leeds,Terry Wiggins,"Regular Chai latte - 2.30, Large Chai latte - 2.60",4.9,CARD,4792755857673866
28/03/2025 16:39,Leeds,Tabitha Thomas,"Regular Hot Chocolate - 1.40, Regular Filter coffee - 1.50, Large Speciality Tea - English breakfast - 1.60",4.5,CASH,
28/03/2025 16:41,Leeds,Marcos Warner,"Large Chai latte - 2.60, Large Iced americano - 2.50",5.1,CASH,
28/03/2025 16:42,Leeds,Tony Mills,"Large Hot Chocolate - 1.70, Regular Hot Chocolate - 1.40, Regular Filter coffee - 1.50, Regular Hot Chocolate - 1.40, Large Iced americano - 2.50",8.5,CARD,5711075046189570
28/03/2025 16:44,Leeds,Raquel Watson,"Large Speciality Tea - English breakfast - 1.60, Large Filter coffee - 1.80, Large Speciality Tea - English breakfast - 1.60",5.0,CASH,
28/03/2025 16:46,Leeds,Ryan Lynch,Regular Iced americano - 2.15,2.15,CARD,5152421927364800
28/03/2025 16:48,Leeds,Danny Whatley,"Regular Speciality Tea - English breakfast - 1.30, Large Chai latte - 2.60",3.9,CASH,
28/03/2025 16:49,Leeds,Tina Dame,"Large Chai latte - 2.60, Regular Filter coffee - 1.50, Large Iced americano - 2.50, Large Filter coffee - 1.80",8.4,CARD,1013580193318947
28/03/2025 16:51,Leeds,Allison Hobart,"Large Hot Chocolate - 1.70, Regular Speciality Tea - English breakfast - 1.30, Large Speciality Tea - English breakfast - 1.60, Large Chai latte - 2.60",7.2,CARD,9097519592067226
28/03/2025 16:53,Leeds,Jessica White,"Regular Hot Chocolate - 1.40, Large Hot Chocolate - 1.70",3.1,CARD,5036992975518483
28/03/2025 16:55,Leeds,Lester Duff,"Large Chai latte - 2.60, Regular Chai latte - 2.30, Large Hot Chocolate - 1.70, Regular Speciality Tea - English breakfast - 1.30, Large Speciality Tea - English breakfast - 1.60",9.5,CARD,5307407217648321
28/03/2025 16:56,Leeds,Jimmy Phillips,"Regular Filter coffee - 1.50, Regular Hot Chocolate - 1.40, Regular Iced americano - 2.15, Large Filter coffee - 1.80, Large Hot Chocolate - 1.70, Large Iced americano - 2.50",11.05,CARD,7043637382930811
28/03/2025 16:58,Leeds,Roberta Moore,Large Chai latte - 2.60,2.6,CARD,8452354018582296
